<privapp-permissions package="com.tools.netgel.netx">

        <permission name="android.permission.CAPTURE_AUDIO_OUTPUT"/>

        <permission name="android.permission.ACCESS_BACKGROUND_LOCATION"/>

        <permission name="android.permission.ACCESS_COARSE_LOCATION"/> 

        <permission name="android.permission.ACCESS_FINE_LOCATION"/>

        <permission name="android.permission.BATTERY_STATS"/>

        <permission name="android.permission.BIND_APPWIDGET"/>

        <permission name="android.permission.BLUETOOTH_PRIVILEGED"/>

        <permission name="android.permission.CHANGE_COMPONENT_ENABLED_STATE"/>

        <permission name="android.permission.CHANGE_DEVICE_IDLE_TEMP_WHITELIST"/>

        <permission name="android.permission.CHANGE_OVERLAY_PACKAGES"/>

        <permission name="android.permission.CONTROL_KEYGUARD_SECURE_NOTIFICATIONS"/>

        <permission name="android.permission.CONTROL_REMOTE_APP_TRANSITION_ANIMATIONS"/>

        <permission name="android.permission.CONTROL_VPN"/>

        <permission name="android.permission.DUMP"/>

        <permission name="android.permission.GET_APP_OPS_STATS"/>

        <permission name="android.permission.INTERACT_ACROSS_USERS"/>

        <permission name="android.permission.INTERACT_ACROSS_USERS_FULL"/>

        <permission name="android.permission.MANAGE_DEBUGGING"/>

        <permission name="android.permission.MANAGE_SENSOR_PRIVACY"/>

        <permission name="android.permission.MANAGE_USB"/>

        <permission name="android.permission.MANAGE_USERS"/>

        <permission name="android.permission.MASTER_CLEAR"/>

        <permission name="android.permission.MEDIA_CONTENT_CONTROL"/>

        <permission name="android.permission.MODIFY_AUDIO_ROUTING"/>

        <permission name="android.permission.MODIFY_DAY_NIGHT_MODE"/>

        <permission name="android.permission.MODIFY_PHONE_STATE"/>

        <permission name="android.permission.MOUNT_UNMOUNT_FILESYSTEMS"/>

        <permission name="android.permission.OBSERVE_NETWORK_POLICY"/>

        <permission name="android.permission.OVERRIDE_WIFI_CONFIG"/>

        <permission name="android.permission.PACKAGE_USAGE_STATS" />

        <permission name="android.permission.READ_DREAM_STATE"/>

        <permission name="android.permission.READ_FRAME_BUFFER"/>

        <permission name="android.permission.READ_NETWORK_USAGE_HISTORY"/>

        <permission name="android.permission.READ_PRIVILEGED_PHONE_STATE"/>

        <permission name="android.permission.REAL_GET_TASKS"/>

        <permission name="android.permission.REQUEST_NETWORK_SCORES"/>

        <permission name="android.permission.RECEIVE_MEDIA_RESOURCE_USAGE"/>

        <permission name="android.permission.START_ACTIVITIES_FROM_BACKGROUND" />

        <permission name="android.permission.START_ACTIVITY_AS_CALLER"/>

        <permission name="android.permission.START_TASKS_FROM_RECENTS"/>

        <permission name="android.permission.STATUS_BAR"/>

        <permission name="android.permission.STOP_APP_SWITCHES"/>

        <permission name="android.permission.SUBSTITUTE_NOTIFICATION_APP_NAME"/>

        <permission name="android.permission.TETHER_PRIVILEGED"/>

        <permission name="android.permission.UPDATE_APP_OPS_STATS"/>

        <permission name="android.permission.USE_RESERVED_DISK"/>

        <permission name="android.permission.WATCH_APPOPS"/>

        <permission name="android.permission.WRITE_DREAM_STATE"/>

        <permission name="android.permission.WRITE_MEDIA_STORAGE"/>

        <permission name="android.permission.READ_WIFI_CREDENTIAL"/>

        <permission name="android.permission.MANAGE_EXTERNAL_STORAGE"/>

        <permission name="android.permission.WRITE_SECURE_SETTINGS"/>

        <permission name="android.permission.WRITE_EMBEDDED_SUBSCRIPTIONS"/>

        <permission name="android.permission.CONTROL_DISPLAY_COLOR_TRANSFORMS" />

        <permission name="android.permission.CAMERA_OPEN_CLOSE_LISTENER" />

        <!-- { Added for Samsung Capture -->

        <permission name="com.samsung.android.permission.EXTRACT_SMARTCLIP_DATA"/>

        <permission name="com.samsung.permission.CAPTURE"/>

        <permission name="com.samsung.android.permission.SEM_WRITE_CAPTURED_URL"/>

        <!-- Added for Samsung Capture } -->

        <!-- { LsRune.SECURITY_LIFT_TO_WAKEUP -->

        <permission name="com.samsung.permission.SSENSOR"/>

        <!-- } LsRune.SECURITY_LIFT_TO_WAKEUP -->


        <!-- { QpRune.NOTI_NOTISTAR -->

	 <permission name="com.samsung.systemui.notilus.permission.ACCESS_DB"/>

	<!-- } QpRune.NOTI_NOTISTAR -->


        <!-- { PowerUiRune.COOLDOWN_AND_SAFE_MODE -->

        <permission name="com.samsung.android.permission.SSRM_NOTIFICATION_PERMISSION" />

        <!-- } PowerUiRune.COOLDOWN_AND_SAFE_MODE -->

        <!-- { PowerUiRune.LOW_BATTERY_DUMP -->

        <permission name="com.sec.android.app.servicemodeapp.permission.KEYSTRING" />

        <!-- } PowerUiRune.LOW_BATTERY_DUMP -->


        <!-- { LsRune.SECURITY_FINGERPRINT -->

        <permission name="android.permission.MANAGE_FINGERPRINT"/>

        <!-- } LsRune.SECURITY_FINGERPRINT -->

        <!-- { LsRune.SECURITY_FACE -->

        <permission name="com.samsung.android.bio.face.permission.MANAGE_FACE"/>

        <permission name="com.samsung.android.bio.face.permission.USE_FACE"/>

        <!-- } LsRune.SECURITY_FACE -->

 	

	<!-- { Added for Samsung PopupUI -->

        <permission name="com.samsung.android.permission.MULTI_WINDOW_MONITOR"/>

        <!-- } Added for Samsung PopupUI -->

        <!-- { Rune.SYSUI_IMS_MANAGER -->

        <permission name="com.sec.imsservice.PERMISSION"/>

        <permission name="com.sec.imsservice.READ_IMS_PERMISSION"/>

        <permission name="com.sec.imsservice.WRITE_IMS_PERMISSION"/>

        <!-- } Rune.SYSUI_IMS_MANAGER -->


        <!-- { Rune.SYSUI_KNOX_MONITOR -->

        <permission name="com.samsung.android.knox.permission.KNOX_SECURITY" />

        <!-- } Rune.SYSUI_KNOX_MONITOR -->


        <!-- { Added for KnoxGuard -->

        <permission name="com.samsung.android.knoxguard.STATUS"/>

        <!-- } Added for KnoxGuard -->


        <!-- LsRune.AOD_DOZE_UI -->

        <permission name="com.samsung.android.app.aodservice.permission.BROADCAST_RECEIVER" />

        <!-- LsRune.AOD_DOZE_UI -->

        <!-- QpRune.QUICK_MANAGE_RETAIL_MODE_RESET -->

        <permission name="com.samsung.sea.retailagent.permission.RETAILMODE"/>

        <!-- QpRune.QUICK_MANAGE_RETAIL_MODE_RESET -->

        <!-- { QpRune.STATUS_NETWORK_DATA -->

        <permission name="android.permission.READ_PRECISE_PHONE_STATE"/>

        <!-- } QpRune.STATUS_NETWORK_DATA -->

        <!-- { Rune.SYSUI_BIXBY -->

        <permission name="com.android.quickstep.tasklock.READ"/>

        <permission name="com.android.quickstep.tasklock.WRITE"/>

        <!-- } Rune.SYSUI_BIXBY -->

        <!-- { FLIPFONT_SEP -->

        <permission name="android.permission.CHANGE_CONFIGURATION" />        

        <!-- FLIPFONT_SEP } -->

        <permission name="com.samsung.permission.dc.INVOKE_DC_METHOD" />

        <!-- { QpRune.NOTI_EDGE_LIGHTING -->

        <permission name="android.permission.SET_PROCESS_LIMIT"/>

        <!-- } QpRune.NOTI_EDGE_LIGHTING -->

    </privapp-permissions>

</permissions>